{"cameraMode":{"drawMode":0,"name":"Shaded","section":"Shading Mode"},"sceneLighting":true,"audioPlay":false,"sceneViewState":{"showFog":true,"showMaterialUpdate":false,"showSkybox":true,"showFlares":true,"showImageEffects":true,"showParticleSystems":true},"in2DMode":false,"pivot":{"x":4.325130462646484,"y":1.0479315519332886,"z":-4.085833549499512},"rotation":{"x":0.1328563094139099,"y":0.5729134678840637,"z":-0.09458990395069123,"w":0.803313672542572},"size":14.882949829101563,"orthographic":false}