{"cameraMode":{"drawMode":0,"name":"Shaded","section":"Shading Mode"},"sceneLighting":false,"audioPlay":false,"sceneViewState":{"showFog":true,"showMaterialUpdate":false,"showSkybox":false,"showFlares":true,"showImageEffects":true,"showParticleSystems":true},"in2DMode":false,"pivot":{"x":1.9735727310180665,"y":31.03780174255371,"z":8.647056579589844},"rotation":{"x":-0.044234033674001697,"y":-0.1841125339269638,"z":-0.0082172816619277,"w":0.9819889068603516},"size":136.38233947753907,"orthographic":false}