{"cameraMode":{"drawMode":0,"name":"Shaded","section":"Shading Mode"},"sceneLighting":false,"audioPlay":false,"sceneViewState":{"showFog":true,"showMaterialUpdate":false,"showSkybox":false,"showFlares":true,"showImageEffects":true,"showParticleSystems":true},"in2DMode":false,"pivot":{"x":194.94619750976563,"y":6.8378095626831059,"z":-77.79740905761719},"rotation":{"x":0.029972059652209283,"y":-0.041318390518426898,"z":0.0012618332402780653,"w":0.9988191723823547},"size":29.493499755859376,"orthographic":false}