{"cameraMode":{"drawMode":0,"name":"Shaded","section":"Shading Mode"},"sceneLighting":false,"audioPlay":false,"sceneViewState":{"showFog":true,"showMaterialUpdate":false,"showSkybox":false,"showFlares":true,"showImageEffects":true,"showParticleSystems":true},"in2DMode":false,"pivot":{"x":-0.1714153289794922,"y":-1.2925209999084473,"z":-2.6274890899658205},"rotation":{"x":0.03543993458151817,"y":-0.17240755259990693,"z":0.006299570202827454,"w":0.9844704866409302},"size":25.324277877807618,"orthographic":false}