{"cameraMode":{"drawMode":0,"name":"Shaded","section":"Shading Mode"},"sceneLighting":false,"audioPlay":false,"sceneViewState":{"showFog":true,"showMaterialUpdate":false,"showSkybox":false,"showFlares":true,"showImageEffects":true,"showParticleSystems":true},"in2DMode":false,"pivot":{"x":-2.542560577392578,"y":16.43950653076172,"z":-21.153980255126954},"rotation":{"x":-0.03341846540570259,"y":-0.5260377526283264,"z":0.02068069390952587,"w":-0.8495702743530273},"size":59.05379104614258,"orthographic":false}